keys,fold
DSC00592.JPG3640385,0
DSC04329.JPG5996544,0
DSC09270.JPG5505024,0
DSC00436.JPG5799936,0
DSC04470.JPG7372800,0
DSC02625.JPG5636096,0
DSC03869.JPG6782976,0
DSC00933.JPG7700480,0
DSC04425.JPG6488064,0
DSC04582.JPG10190848,0
DSC00916.JPG7438336,0
DSC09331.JPG4902505,0
DSC09028.JPG5391577,0
DSC08558.JPG5537792,0
DSC00486.JPG5767168,0
DSC08560.JPG5570560,0
DSC04388.JPG7208960,0
DSC04418.JPG6651904,0
DSC00712.JPG5865472,0
DSC04461.JPG7405568,0
DSC04459.JPG7340032,0
DSC03797.JPG5570560,0
DSC04577.JPG9633792,0
DSC04576.JPG9568256,0
DSC09322.JPG5242880,0
DSC09576.JPG6193152,0
DSC09096.JPG5963776,0
DSC03798.JPG5603328,0
DSC00393.JPG5668864,0
DSC09572.JPG6160384,0
DSC00608.JPG3654427,0
DSC00611.JPG3628942,0
DSC04572.JPG9469952,0
DSC04393.JPG7143424,0
DSC00753.JPG5931008,0
DSC00606.JPG3676320,0
DSC04454.JPG6848512,0
DSC04460.JPG7340032,0
DSC00604.JPG3664430,0
DSC03184.JPG9601024,0
DSC00589.JPG3690918,0
DSC04427.JPG6520832,0
DSC00599.JPG3657387,0
DSC09094.JPG5963776,0
DSC00435.JPG5734400,0
DSC04428.JPG6553600,0
DSC00713.JPG5898240,0
DSC09569.JPG6193152,0
DSC03998.JPG7864320,0
DSC00591.JPG3642362,0
DSC09027.JPG5364734,0
DSC04471.JPG7372800,0
DSC04462.JPG7405568,0
DSC03705.JPG5898240,1
DSC00926.JPG7733248,1
DSC04429.JPG6553600,1
DSC04328.JPG5996544,1
DSC00722.JPG5963776,1
DSC09086.JPG5505024,1
DSC03796.JPG5570560,1
DSC09571.JPG6160384,1
DSC00394.JPG5636096,1
DSC00595.JPG3669922,1
DSC00587.JPG3676942,1
DSC04465.JPG7405568,1
DSC02676.JPG4849664,1
DSC09040.JPG5491872,1
DSC00605.JPG3664514,1
DSC08488.JPG5341184,1
DSC09075.JPG5701632,1
DSC09577.JPG6193152,1
DSC09032.JPG5701632,1
DSC09022.JPG5799936,1
DSC00927.JPG7798784,1
DSC00607.JPG3660676,1
DSC00433.JPG5963776,1
DSC00484.JPG5832704,1
DSC04584.JPG10190848,1
DSC04469.JPG7372800,1
DSC00424.JPG6029312,1
DSC00615.JPG3645164,1
DSC04575.JPG9568256,1
DSC09570.JPG6094848,1
DSC09567.JPG6160384,1
DSC03772.JPG5537792,1
DSC09095.JPG5963776,1
DSC08564.JPG5570560,1
DSC00489.JPG5734400,1
DSC09285.JPG6193152,1
DSC00614.JPG3624806,1
DSC08557.JPG5537792,1
DSC08556.JPG5537792,1
DSC02633.JPG5603328,1
DSC09072.JPG5636096,1
DSC02624.JPG5636096,1
DSC00417.JPG5210112,1
DSC00920.JPG7471104,1
DSC04579.JPG9699328,1
DSC04466.JPG7372800,1
DSC09323.JPG5210112,1
DSC09054.JPG5603328,1
DSC09030.JPG5734400,1
DSC00420.JPG5144576,1
DSC09281.JPG5865472,1
DSC03183.JPG9535488,1
DSC00428.JPG5832704,1
DSC00720.JPG5963776,2
DSC00395.JPG5668864,2
DSC09184.JPG5963776,2
DSC02674.JPG4849664,2
DSC09574.JPG6160384,2
DSC00429.JPG5931008,2
DSC00925.JPG7897088,2
DSC00928.JPG7766016,2
DSC04392.JPG7176192,2
DSC04426.JPG6520832,2
DSC04455.JPG7143424,2
DSC00431.JPG6062080,2
DSC00488.JPG5767168,2
DSC09070.JPG5603328,2
DSC04420.JPG6586368,2
DSC00600.JPG3684545,2
DSC09568.JPG6193152,2
DSC08561.JPG5570560,2
DSC00718.JPG5931008,2
DSC09074.JPG5668864,2
DSC03771.JPG5505024,2
DSC04580.JPG10190848,2
DSC09321.JPG5242880,2
DSC00437.JPG5603328,2
DSC00585.JPG3674055,2
DSC09023.JPG5734400,2
DSC00717.JPG5427215,2
DSC09034.JPG5734400,2
DSC08555.JPG5636096,2
DSC00593.JPG3639646,2
DSC00918.JPG7307264,2
DSC00390.JPG5603328,2
DSC02628.JPG5636096,2
DSC04416.JPG6619136,2
DSC09272.JPG5537792,2
DSC03703.JPG5931008,2
DSC00719.JPG5931008,2
DSC00487.JPG5767168,2
DSC04424.JPG6553600,2
DSC08563.JPG5537792,2
DSC09024.JPG5799936,2
DSC00432.JPG6029312,2
DSC00757.JPG5865472,2
DSC09575.JPG6193152,2
DSC03866.JPG6815744,2
DSC04456.JPG7208960,2
DSC00379.JPG5537792,2
DSC04458.JPG7307264,2
DSC00612.JPG3622656,2
DSC09035.JPG5865472,2
DSC00930.JPG7766016,2
DSC09099.JPG5865472,2
DSC00755.JPG5931008,2
DSC09057.JPG5603328,3
DSC00598.JPG3670321,3
DSC09277.JPG5767168,3
DSC04581.JPG10190848,3
DSC04423.JPG6619136,3
DSC08551.JPG5668864,3
DSC08546.JPG5701632,3
DSC09068.JPG5603328,3
DSC09220.JPG6488064,3
DSC09036.JPG5832704,3
DSC00610.JPG3632147,3
DSC00921.JPG7438336,3
DSC02632.JPG5603328,3
DSC09076.JPG5636096,3
DSC00716.JPG5931008,3
DSC09183.JPG5963776,3
DSC00931.JPG7733248,3
DSC00752.JPG5898240,3
DSC08552.JPG5668864,3
DSC04430.JPG6586368,3
DSC09232.JPG6094848,3
DSC09275.JPG5505024,3
DSC09085.JPG5505024,3
DSC00754.JPG5931008,3
DSC09274.JPG5505024,3
DSC00919.JPG7307264,3
DSC04386.JPG7241728,3
DSC09282.JPG6258688,3
DSC00714.JPG5865472,3
DSC02627.JPG5603328,3
DSC09029.JPG5701632,3
DSC02630.JPG5603328,3
DSC00588.JPG3695006,3
DSC02626.JPG5603328,3
DSC00929.JPG7733248,3
DSC09566.JPG6160384,3
DSC04325.JPG6029312,3
DSC09286.JPG6422528,3
DSC09218.JPG6421667,3
DSC00416.JPG5144576,3
DSC03871.JPG6815744,3
DSC00596.JPG3671151,3
DSC03870.JPG6782976,3
DSC04390.JPG7176192,3
DSC09031.JPG5734400,3
DSC09033.JPG5701632,3
DSC04326.JPG6062080,3
DSC09025.JPG5767168,3
DSC00425.JPG5963776,3
DSC08545.JPG5701632,3
DSC00602.JPG3695484,3
DSC09038.JPG5477931,3
DSC09273.JPG5505024,3
DSC03773.JPG5537792,4
DSC09278.JPG5832704,4
DSC02629.JPG5636096,4
DSC03867.JPG6782976,4
DSC04472.JPG7340032,4
DSC03181.JPG9502720,4
DSC08559.JPG5537792,4
DSC04131.JPG6127616,4
DSC04578.JPG9633792,4
DSC09084.JPG5505024,4
DSC09573.JPG6193152,4
DSC04330.JPG5996544,4
DSC00422.JPG5505024,4
DSC00721.JPG5931008,4
DSC09288.JPG6520832,4
DSC00582.JPG3678347,4
DSC03800.JPG5636096,4
DSC09071.JPG5603328,4
DSC00398.JPG5668864,4
DSC00397.JPG5734400,4
DSC09283.JPG6389760,4
DSC00423.JPG5931008,4
DSC03704.JPG5931008,4
DSC04331.JPG5996544,4
DSC02631.JPG5603328,4
DSC09280.JPG5832704,4
DSC00594.JPG3669047,4
DSC00613.JPG3628320,4
DSC09100.JPG5767168,4
DSC04391.JPG7176192,4
DSC04421.JPG6619136,4
DSC00391.JPG5603328,4
DSC00399.JPG5931008,4
DSC09231.JPG6062080,4
DSC09276.JPG5799936,4
DSC00597.JPG3662135,4
DSC00438.JPG5636096,4
DSC00932.JPG7700480,4
DSC02675.JPG4849664,4
DSC03997.JPG7897088,4
DSC00914.JPG7405568,4
DSC00590.JPG3697608,4
DSC09284.JPG6455296,4
DSC00609.JPG3635065,4
DSC00917.JPG7307264,4
DSC04327.JPG5996544,4
DSC04571.JPG9371648,4
DSC09279.JPG5767168,4
DSC09055.JPG5603328,4
DSC00583.JPG3680049,4
DSC09069.JPG5603328,4
DSC00936.JPG7864320,4
